method,mAP_mean,mAP_std,HR@20_mean,HR@20_std
sapling,0.20383554674970664,0.0034215760477957777,0.7268538741549662,0.005616519702295961
taxonomy_network,0.20176937798818972,0.0033477265381332945,0.7499115964638585,0.005669418776535103
jaccard,0.1949191025088448,0.0032543360377414073,0.7732310625758363,0.005414306017038741
hub_depressed_index,0.18716662108133675,0.0029923003551784793,0.7681729935864101,0.005133247800135922
pearson,0.18539078754351632,0.002948881288747842,0.715281677933784,0.005624880668538881
sorensen,0.18519678766221678,0.0029997719444516584,0.7641879008493673,0.005261248400212886
LHN,0.17942795052017918,0.0031545905661457575,0.7495891835673427,0.0065412842192433965
resource_allocation,0.16989654234045662,0.0027092353815825884,0.7402721442191021,0.005640573040801851
probabilistic_spreading,0.16978509798704505,0.002700152643657981,0.7402218755416884,0.005622873097773649
cosine_similarity,0.1692685600805697,0.0027170686739258296,0.7531599930663893,0.005844700391653044
cooccurrences,0.1598357737078946,0.002559529127908298,0.7415149939330906,0.005365380559689733
random,0.15569124263046202,0.0029324404928918546,0.6983983359334374,0.006298767930064024
hub_promoted_index,0.1532943544160938,0.0027157432678462812,0.7267221355520888,0.006187274642912188
adamic_adar,0.1495772137953504,0.0026168219487721113,0.6650892702374762,0.006294559045927123
